Datetime,Water Level (m)
2026-07-28 12:00:00,0.32780996
2026-07-28 13:00:00,0.35870633
2026-07-28 14:00:00,0.37336978
2026-07-28 15:00:00,0.3713418
2026-07-28 16:00:00,0.3560039
2026-07-28 17:00:00,0.33249283
2026-07-28 18:00:00,0.3075459
2026-07-28 19:00:00,0.29526186
2026-07-28 20:00:00,0.30622092
2026-07-28 21:00:00,0.33795476
2026-07-28 22:00:00,0.37826943
2026-07-28 23:00:00,0.41773912
2026-07-29 00:00:00,0.44563317
2026-07-29 01:00:00,0.45835266
2026-07-29 02:00:00,0.45560443
2026-07-29 03:00:00,0.43976277
2026-07-29 04:00:00,0.41508734
2026-07-29 05:00:00,0.38560838
2026-07-29 06:00:00,0.35824212
2026-07-29 07:00:00,0.3480521
2026-07-29 08:00:00,0.36427408
2026-07-29 09:00:00,0.4015731
2026-07-29 10:00:00,0.44973463
2026-07-29 11:00:00,0.50118196
2026-07-29 12:00:00,0.54769975
2026-07-29 13:00:00,0.57938033
2026-07-29 14:00:00,0.5928909
2026-07-29 15:00:00,0.58784634
2026-07-29 16:00:00,0.5689689
2026-07-29 17:00:00,0.54077077
2026-07-29 18:00:00,0.50805694
2026-07-29 19:00:00,0.48018983
2026-07-29 20:00:00,0.47356942
2026-07-29 21:00:00,0.49319822
2026-07-29 22:00:00,0.5277394
2026-07-29 23:00:00,0.56843674
2026-07-30 00:00:00,0.60334015
2026-07-30 01:00:00,0.62355393
2026-07-30 02:00:00,0.62776524
2026-07-30 03:00:00,0.6179051
2026-07-30 04:00:00,0.59906185
2026-07-30 05:00:00,0.5732445
2026-07-30 06:00:00,0.54443204
2026-07-30 07:00:00,0.52712685
2026-07-30 08:00:00,0.5383327
2026-07-30 09:00:00,0.576399
2026-07-30 10:00:00,0.62979317
2026-07-30 11:00:00,0.69001997
2026-07-30 12:00:00,0.7480877
2026-07-30 13:00:00,0.79174566
2026-07-30 14:00:00,0.815672
2026-07-30 15:00:00,0.8217229
2026-07-30 16:00:00,0.81368977
2026-07-30 17:00:00,0.7964497
2026-07-30 18:00:00,0.7733492
2026-07-30 19:00:00,0.7494466
2026-07-30 20:00:00,0.73420894
2026-07-30 21:00:00,0.74505097
2026-07-30 22:00:00,0.78175557
2026-07-30 23:00:00,0.83001864
2026-07-31 00:00:00,0.8786052
2026-07-31 01:00:00,0.91299593
2026-07-31 02:00:00,0.9280197
2026-07-31 03:00:00,0.9276833
2026-07-31 04:00:00,0.91741717
2026-07-31 05:00:00,0.90077937
2026-07-31 06:00:00,0.87987345
2026-07-31 07:00:00,0.8586147
2026-07-31 08:00:00,0.847973
2026-07-31 09:00:00,0.8637394
2026-07-31 10:00:00,0.9073917
2026-07-31 11:00:00,0.96692514
2026-07-31 12:00:00,1.0299803
2026-07-31 13:00:00,1.0847429
2026-07-31 14:00:00,1.1172098
2026-07-31 15:00:00,1.1291152
2026-07-31 16:00:00,1.1244613
2026-07-31 17:00:00,1.1127511
2026-07-31 18:00:00,1.0940529
2026-07-31 19:00:00,1.0717641
2026-07-31 20:00:00,1.050687
2026-07-31 21:00:00,1.0443114
2026-07-31 22:00:00,1.0675702
2026-07-31 23:00:00,1.1109319
2026-08-01 00:00:00,1.1619762
2026-08-01 01:00:00,1.2040952
2026-08-01 02:00:00,1.2256913
2026-08-01 03:00:00,1.2308428
2026-08-01 04:00:00,1.2227744
2026-08-01 05:00:00,1.2090375
2026-08-01 06:00:00,1.1893001
2026-08-01 07:00:00,1.1660668
2026-08-01 08:00:00,1.1451179
2026-08-01 09:00:00,1.1403028
2026-08-01 10:00:00,1.1676602
2026-08-01 11:00:00,1.2173023
2026-08-01 12:00:00,1.2769909
2026-08-01 13:00:00,1.3324764
2026-08-01 14:00:00,1.3690411
2026-08-01 15:00:00,1.3839939
2026-08-01 16:00:00,1.3824111
2026-08-01 17:00:00,1.3699915
2026-08-01 18:00:00,1.3524815
2026-08-01 19:00:00,1.3307362
2026-08-01 20:00:00,1.3070731
2026-08-01 21:00:00,1.289312
2026-08-01 22:00:00,1.2912925
2026-08-01 23:00:00,1.3215417
2026-08-02 00:00:00,1.3668505
2026-08-02 01:00:00,1.4127896
2026-08-02 02:00:00,1.4418727
2026-08-02 03:00:00,1.452639
2026-08-02 04:00:00,1.4495225
2026-08-02 05:00:00,1.4374164
2026-08-02 06:00:00,1.4202101
2026-08-02 07:00:00,1.3988516
2026-08-02 08:00:00,1.3760539
2026-08-02 09:00:00,1.3600008
2026-08-02 10:00:00,1.3648359
2026-08-02 11:00:00,1.3994291
2026-08-02 12:00:00,1.4511496
2026-08-02 13:00:00,1.5074606
2026-08-02 14:00:00,1.5505142
2026-08-02 15:00:00,1.5894461
2026-08-02 16:00:00,1.6065303
2026-08-02 17:00:00,1.61027
2026-08-02 18:00:00,1.6039807
2026-08-02 19:00:00,1.5927179
2026-08-02 20:00:00,1.577146
2026-08-02 21:00:00,1.5623477
2026-08-02 22:00:00,1.5585996
2026-08-02 23:00:00,1.5771477
2026-08-03 00:00:00,1.6140695
2026-08-03 01:00:00,1.6587223
2026-08-03 02:00:00,1.6953313
2026-08-03 03:00:00,1.7133517
2026-08-03 04:00:00,1.7183795
2026-08-03 05:00:00,1.7130125
2026-08-03 06:00:00,1.7007964
2026-08-03 07:00:00,1.6849437
2026-08-03 08:00:00,1.6672703
2026-08-03 09:00:00,1.6508871
2026-08-03 10:00:00,1.644964
2026-08-03 11:00:00,1.6618237
2026-08-03 12:00:00,1.6983218
